Close Predicho,Close Real,Rendimiento
65598.15625,65663.99,-0.1002585283044865
65663.9921875,65705.69,-0.0634614939741175
65713.6015625,65752.92,-0.0597972493084691
65752.1875,65769.44,-0.0262317878941987
65784.1171875,65828.01,-0.0666780182174651
65833.4921875,65941.67,-0.1640507625906323
65941.328125,65834.0,0.1630284123705076
65836.2734375,65962.81,-0.1918301577813281
65999.1640625,65920.14,0.1198784809923046
65920.5625,65899.99,0.0312177589101223
65760.640625,65870.47,-0.1667353747437981
65870.46875,65900.41,-0.0454340875876242
65899.7109375,66234.0,-0.5047091561735664
66224.390625,66189.43,0.0528190452765751
66198.109375,66115.57,0.124841054837753
66115.5703125,66242.0,-0.1908603114338335
66240.8359375,66183.98,0.0859058906702257
66182.3203125,66146.01,0.0548941840936516
66177.625,66274.63,-0.1463682256694675
66273.8671875,66267.56,0.0095177602736577
66265.375,66261.2,0.006300821596957
66263.1640625,66256.0,0.0108126999818884
66256.0,66241.92,0.0212554225481413
66241.90625,66238.81,0.0046743744339645
66238.8828125,66210.55,0.042791990853417
66210.546875,66238.17,-0.0417027297100723
66250.8359375,66307.54,-0.0855167640060143
66307.4296875,66331.45,-0.0362125545272975
66331.453125,66150.0,0.2743055555555555
66150.0625,66141.37,0.0131423041282704
66141.375,66164.62,-0.0351320690725577
66164.484375,66060.81,0.1569377895911393
66060.8203125,66060.03,0.0011963550425289
66060.03125,66098.14,-0.057654799363491
66098.140625,66120.0,-0.0330601557773744
66125.8203125,66082.08,0.0661908833680753
66079.1796875,66019.74,0.0900332044627784
66019.796875,66070.0,-0.0759847510216437
66069.984375,66052.01,0.0272124572742074
66049.015625,66083.6,-0.0523342780962384
66083.078125,66051.05,0.0484899558750346
66040.3515625,66103.29,-0.0952122617497459
66103.2890625,66150.37,-0.0711725988834156
66156.5703125,66120.21,0.054991223560835
66120.3359375,66122.15,-0.0027435019883566
66119.078125,66130.0,-0.0165157644034477
66182.78125,66086.8,0.1452351301621459
66086.8046875,66064.42,0.0338831212020051
66064.421875,66029.99,0.0521458128344329
66029.8828125,66024.0,0.0089101122319156
66024.0,65936.99,0.1319593144909932
65936.9921875,66005.85,-0.104320772325492
66005.2890625,66010.34,-0.0076517368339513
66010.34375,66031.08,-0.0314037722842057
66031.1640625,65973.85,0.08687390913217
65973.9140625,65999.2,-0.0383124909089763
65999.203125,65921.96,0.1171735867683448
65921.984375,65927.58,-0.0084875328352743
65927.59375,65901.0,0.0403540917436761
65901.0,65900.0,0.0015174506828528
65900.015625,65868.6,0.0476943870068502
65865.5546875,65881.49,-0.0241878447193669
65881.359375,65928.58,-0.0716239072645
65928.5859375,65924.14,0.0067440204756566
65924.140625,65994.01,-0.1058722981070475
65995.921875,65966.21,0.0450410520780163
65965.640625,66010.01,-0.0672161313109856
66010.0078125,66036.65,-0.0403445473081904
66048.75,66091.97,-0.0653937233222147
66091.9296875,65275.27,1.251101201879369
65285.25,65998.0,-1.0799569683929815
65998.0,66012.5,-0.0219655368301458
66020.140625,66019.66,0.0007280028403607
66019.6875,66036.44,-0.0253685692323849
66036.421875,66096.27,-0.09054690226847
66096.8359375,65973.41,0.1870843685357426
65973.4765625,65949.72,0.0360222340595211
65938.671875,65942.27,-0.0054564773096286
65942.109375,66000.03,-0.0877584828370515
66001.6484375,65904.4,0.1475598556393895
65904.40625,65527.17,0.575694402795057
65533.55078125,65893.64,-0.5464703706609613
65889.671875,65853.88,0.0543504422214687
65852.9375,65765.78,0.1325271288502944
65765.7890625,65853.58,-0.1333123233391438
65852.8984375,65831.39,0.032672008748411
65818.7421875,65881.05,-0.0945762286727411
65889.546875,65818.0,0.1087041158953477
65818.0078125,65536.01,0.4302944480446784
65293.33203125,65848.59,-0.8432344090435293
65861.7109375,65792.7,0.1048914811217702
65792.7265625,66603.44,-1.2172245720341206
66603.4375,65895.0,1.0751005387358676
65895.3984375,65955.21,-0.0906851217667359
65953.2890625,65883.0,0.1066877077546559
65883.0,65730.0,0.2327704244637152
65730.59375,65922.0,-0.2903526136949728
65921.3046875,66031.87,-0.1674423464002993
66029.9453125,66017.85,0.0183212759882276
66022.1328125,66135.0,-0.1706618091781961
66134.6484375,66170.01,-0.0534404672146713
66169.9609375,66142.0,0.0422741034441051
66142.0078125,66162.0,-0.0302170241226081
66159.9921875,66047.99,0.169576981070877
66038.03125,66030.26,0.0117692252006962
66022.7734375,66093.2,-0.1065564422663709
66092.3828125,65933.73,0.2406246582743067
65933.9609375,65925.02,0.0135622825749554
65925.0234375,65969.0,-0.0666624664615198
65964.34375,66197.58,-0.3523334992004265
66197.5625,66216.75,-0.0289768072277784
66217.4765625,66150.19,0.1017178673258499
66144.578125,66176.63,-0.0484338277727419
66174.765625,66259.0,-0.1271289560663457
66259.0,66262.21,-0.0048443901886254
66261.984375,66141.08,0.1827977030311544
66132.828125,66256.23,-0.1862494666539221
66255.9296875,66256.76,-0.0012531740157453
66254.8671875,66383.47,-0.1937271620480236
66382.8828125,66250.98,0.1990956397928062
66246.0546875,66213.2,0.049619543384103
66213.8828125,66066.91,0.2224605517345922
66066.90625,66051.15,0.0238546187310982
66043.8203125,65955.0,0.1346680501857327
65955.0,65843.0,0.1701016053339003
65843.0,65850.28,-0.0110553819968553
65849.4453125,65805.24,0.0671759764115969
65802.15625,65756.0,0.0701932143074396
65756.0,65778.42,-0.0340841266786253
65778.421875,65922.75,-0.2189352310090219
65922.75,65943.33,-0.0312086150335473
65943.328125,66017.99,-0.1130932265584051
66019.921875,65933.31,0.1313628498250768
65933.3515625,65967.28,-0.0514322213982429
65966.9921875,66006.0,-0.0590973737236008
66005.9375,65970.01,0.0544603525147339
65970.03125,66009.94,-0.060458697584034
66009.6171875,66163.6,-0.2327304023662645
66163.375,66179.48,-0.024335337781433
66179.421875,66164.22,0.0229759755348114
66164.21875,66322.0,-0.2379018274479056
66322.0,66041.19,0.4252043308123274
66039.875,66040.0,-0.0001892792247122
66039.890625,66100.0,-0.0909370272314674
66100.0,66026.42,0.111440238619634
66026.421875,66145.98,-0.1807488905599341
66146.3359375,66208.59,-0.094027168529033
66208.59375,66331.98,-0.1860132171540725
66331.9765625,66327.37,0.0069451909520981
66327.5546875,66326.0,0.0023440091366884
66326.9453125,66355.0,-0.0422796887951171
66355.0,66316.24,0.0584472219775951
66310.234375,66374.0,-0.0960701856148491
66374.0,66574.73,-0.3015107984666193
66574.4921875,66634.11,-0.0894704116255181
66636.203125,66628.0,0.012311828360449
66628.0859375,66620.0,0.0121374024317021
66617.890625,66622.78,-0.0073388936937168
66622.75,66582.75,0.0600756201869102
66582.75,66682.23,-0.1491851727214221
66682.2265625,66617.99,0.0964252486452904
66617.9921875,66595.0,0.0345253960507545
66595.0,66566.9,0.0422131720119245
66557.9453125,66514.45,0.0653922756634128
66514.453125,66487.98,0.0398164074168053
66487.5078125,66504.03,-0.024843889159798
66507.546875,66453.2,0.0817821790372817
66447.3515625,66397.8,0.0746283197636022
66396.015625,66408.43,-0.0186939745450886
66410.25,66316.0,0.1421225646902708
66314.90625,66352.67,-0.0569136856135529
66359.8125,66328.0,0.0479623989868532
66327.8125,66320.0,0.011780006031363
66420.0703125,66410.86,0.0138686842784439
66400.5078125,66322.03,0.1183284234514552
66285.203125,66273.33,0.0179153891919996
66264.296875,66258.77,0.0083413486244853
66251.28125,66223.99,0.0412105190279153
66222.7421875,66300.73,-0.1176273813274694
66300.6875,66253.13,0.0717815143224106
66253.1328125,66294.16,-0.0618865786971333
66293.5703125,66348.77,-0.0831962484006923
66348.5625,66473.01,-0.187215081730156
66466.390625,66478.0,-0.0174634841601732
66477.8671875,66553.37,-0.1134470162818131
66544.59375,66512.0,0.0490043150108251
66512.421875,66500.83,0.0174311734154269
66483.25,66501.13,-0.0268867611723359
66507.1015625,66489.13,0.0270293241917819
66487.7109375,66494.21,-0.0097738773045147
66493.921875,66571.05,-0.1158583573490322
66571.84375,66583.99,-0.0182419978135963
66583.9921875,66555.99,0.0420731289550268
66555.9921875,66551.25,0.007125617475254
66536.5859375,66545.36,-0.0131850853312696
66545.4609375,66610.38,-0.0974608799709664
66611.34375,66553.42,0.0870334687533739
66537.3984375,66487.37,0.0752450239797493
66485.9609375,66420.15,0.0990827896353829
66420.1640625,66348.0,0.1087659952070898
66301.2734375,66435.55,-0.2021155277558519
66433.203125,66397.05,0.054449896493891
66397.03125,66494.02,-0.1458608608714048
66491.7109375,66390.77,0.1520406187486542
66390.21875,66296.6,0.1412119927718678
66283.65625,66328.33,-0.0673524420108296
66333.265625,66379.73,-0.0699978366889951
66417.765625,65941.6,0.72210201905928
65941.6015625,66296.95,-0.535995151360654
66296.8203125,66203.87,0.1404001193585883
66200.015625,65941.41,0.392174848854455
65942.5546875,66093.68,-0.2286531972497113
66093.6796875,66160.0,-0.1002423103083434
66160.0,66145.65,0.0216945483187568
66145.6484375,66163.17,-0.0264823503771029
66162.8515625,66005.02,0.2391205434071468
65980.3203125,66030.67,-0.0762519712430575
66030.3984375,66080.0,-0.0750628972457627
66080.0,66159.52,-0.1201943424015229
66159.359375,66146.5,0.0194407489436326
66139.484375,66071.83,0.1023951886908509
66067.5234375,66086.0,-0.0279583610749629
66085.0390625,65973.0,0.1698256294241583
65975.40625,66214.06,-0.3604276040466295
66214.0625,66292.34,-0.1180792531987806
66292.3515625,66233.23,0.0892626895895067
66232.421875,66204.21,0.0426134153704025
66204.2109375,66270.11,-0.0994400982584766
66272.609375,66218.46,0.0817738361779986
66218.5,66177.99,0.0612137056444215
66176.0078125,66190.57,-0.0220003959778666
66190.5703125,66222.28,-0.047883714514207
66222.28125,66205.53,0.0253018894343133
66152.1484375,66137.68,0.021876239837876
66137.75,66134.12,0.0054888459996211
66134.1171875,66087.88,0.0699631876525549
66086.015625,66050.39,0.0539370395844757
66048.0234375,66075.1,-0.0409784661695643
66075.0390625,66171.67,-0.1460306767231328
66184.890625,66132.0,0.079977355894272
66131.625,66125.93,0.0086123552440124
66125.9296875,66100.75,0.0380928922894218
66100.75,66106.83,-0.0091972342343472
66106.25,66190.87,-0.1278424048512965
66190.8671875,66160.25,0.0462773153063962
66160.5390625,66205.0,-0.067156464768522
66205.5078125,66255.18,-0.0749710249070231
66255.0859375,66205.0,0.0756528019031795
66205.515625,66148.56,0.0861025924071549
66146.765625,66158.0,-0.0169811285105353
66158.0,66049.98,0.1635428201492325
66046.0859375,66134.92,-0.1343224766885606
66134.71875,66176.0,-0.0623809991537717
66176.0,66092.84,0.1258230089673911
66092.8828125,66106.07,-0.0199485274196559
66105.328125,66083.4,0.033182501203034
66067.1328125,66086.19,-0.0288368681868365
66084.5546875,66005.24,0.1201642286279009
65991.4375,66036.07,-0.0675880621000113
66036.1328125,66025.96,0.0154072920711695
65994.1953125,65965.21,0.0439403020167655
65496.65625,66110.12,-0.9279422726807868
66110.1171875,66073.54,0.0553582984958977
66017.1796875,65972.59,0.067588202160933
65972.59375,66032.51,-0.0907375018759619
66031.453125,66045.98,-0.0219950934182457
66045.984375,66038.27,0.0116816733690872
66038.2734375,66008.56,0.0450145216014443
66008.2421875,65989.29,0.028720096094391
65989.2890625,65913.04,0.1156813014541681
65913.046875,65922.51,-0.0143549221654253
65919.0859375,65994.78,-0.1146970449784041
65994.421875,66041.53,-0.0713310624390422
66040.828125,66143.0,-0.1544711836475515
66142.8125,66143.0,-0.0002834767095535
66143.0,66123.0,0.0302466615247342
66123.0,66103.15,0.0300288261603355
66103.609375,66077.72,0.0391801881178691
66055.625,66071.99,-0.0247684381838737
66070.71875,66313.68,-0.3663817933192563
66313.0078125,66410.09,-0.1461858996125385
66410.09375,66348.44,0.092924189325322
66349.140625,66458.34,-0.1643125227021868
66469.671875,66368.4,0.1525905024077811
66368.3984375,66530.33,-0.2433950988970019
66530.3203125,66478.0,0.0787031988026114
66478.0,66640.45,-0.2437708628918278
66640.453125,66804.22,-0.2451445058410997
66819.0546875,66711.0,0.1619743183283116
66716.28125,66808.28,-0.1377056107416608
66805.453125,66763.49,0.062853402361073
66763.8203125,66838.0,-0.1109843015949011
66837.953125,66965.0,-0.1897213096393638
66964.015625,66917.97,0.0688090583142298
66900.640625,66893.99,0.0099420366463336
66893.671875,66920.31,-0.0398057405890643
66920.9296875,66798.74,0.182922144190137
66794.7890625,66748.51,0.0693334765075733
66748.5078125,66784.76,-0.0542821258921867
66784.7578125,66745.39,0.0589820697729095
67018.71875,66962.06,0.0846132123175456
66959.9140625,66909.79,0.0749128976492175
66906.078125,66899.93,0.0091900320374131
66899.9375,66849.9,0.074850523336618
66849.9140625,66840.26,0.01444348436108
66840.2578125,66832.01,0.0123411109437008
66831.2578125,66767.0,0.0962418747285335
66767.0,66730.05,0.0553723547337325
66730.046875,66697.01,0.049532767660807
66684.0390625,66704.48,-0.0306440249590371
66704.484375,66726.0,-0.0322447396816833
66726.21875,66680.12,0.0691341737237495
66676.9765625,66604.93,0.1081700145920234
66603.734375,66635.71,-0.0479857196689378
66636.0625,66695.33,-0.0888630433345209
66695.203125,66575.53,0.1797554221498517
66575.53125,66649.37,-0.110786868653065
66649.28125,66624.44,0.0372854916303952
66624.4375,66619.66,0.0071713064881995
66619.453125,66647.96,-0.0427723144114334
66647.6796875,66734.8,-0.1305470496652464
66734.6875,66769.83,-0.0526323041409596
66770.734375,66719.11,0.0773756949095984
66719.109375,66775.06,-0.0837897038205546
66775.046875,66751.84,0.0347658955917971
66752.015625,66753.84,-0.0027329888437826
66753.8515625,66800.47,-0.06978758906936
66800.4296875,66867.43,-0.1001987252986888
66871.2109375,66816.79,0.0814479975766666
66816.7890625,66788.69,0.0420715880188661
66783.7578125,66793.21,-0.014151419732644
66793.0234375,66688.21,0.1571693669690543
66688.2109375,66576.95,0.1671163030147865
66577.234375,66647.14,-0.1048891595348268
66646.5546875,66665.27,-0.0280735568910229
66670.28125,66603.88,0.0996957684747425
66599.4765625,64886.98,2.639199054263269
64915.46875,66630.0,-2.573212141677923
66630.0,66628.57,0.0021462264611007
66626.3203125,66512.87,0.1705689628187817
66511.1328125,66651.46,-0.2105388051514646
66653.1875,66583.72,0.1043310587032368
66583.71875,66704.86,-0.1816078318731207
66704.7578125,66718.43,-0.0204923699493423
66722.25,66585.28,0.2057061260386697
66585.28125,66538.08,0.0709387015675809
66538.0859375,66529.18,0.0133865132562989
66527.9765625,66457.43,0.1061530102804261
66458.9453125,66428.89,0.0452443394733836
66428.8984375,66387.95,0.0616805271137351
66386.8671875,66436.3,-0.0744063298227067
66436.1953125,66409.27,0.0405445090722965
66409.2734375,66475.53,-0.0996706043562177
66475.5078125,66484.12,-0.0129537512115605
66484.6015625,66436.33,0.0726583820930479
66436.390625,66450.0,-0.0204806245297215
66449.9765625,66369.62,0.1210743145734519
66369.6484375,66334.66,0.0527453332842838
66322.171875,66388.42,-0.0997886754949105
66392.0390625,66436.13,-0.0663659028603933
66435.984375,66259.83,0.2658539495196384
66260.71875,66347.4,-0.1306475460982558
66345.5625,66384.0,-0.0579017534345625
66384.0,66335.15,0.073641199273697
66335.15625,66382.66,-0.0715604798000012
66384.203125,66369.01,0.022891896383576
66354.6171875,66399.5,-0.0675951061378474
66399.984375,66369.04,0.0466247138726225
66369.0546875,66343.37,0.0387147766235038
66337.359375,66331.25,0.0092104023367568
66331.25,66416.24,-0.1279656903191225
66416.6953125,66394.6,0.0332787794489223
66394.8046875,66432.0,-0.0559900537391618
66431.9765625,66435.36,-0.0050928263202014
66435.1796875,66424.0,0.016830795345056
66423.3203125,66402.78,0.0309329104895927
66402.78125,66395.86,0.0104242192208963
66384.546875,66416.82,-0.0485917949700196
66416.8125,66521.23,-0.1569686850348316
66525.140625,66564.39,-0.0589645229228412
66564.1640625,66490.91,0.1101715445013408
66489.8671875,66454.77,0.0528136467856196
66451.046875,66499.46,-0.0728022829057655
66499.96875,66529.14,-0.0438473276522128
66545.6953125,66598.71,-0.0796031747461871
66601.625,66634.09,-0.0487213076669862
66641.1796875,66656.42,-0.0228639829441759
66656.6171875,66565.34,0.1371241963159859
66565.4765625,66668.15,-0.1540067296002576
66667.8828125,66619.82,0.0721449149817471
66608.5234375,66629.66,-0.0317224528836009
66630.9375,66685.79,-0.0822551551087474
66685.859375,66649.48,0.0545831340319595
66649.4921875,66612.21,0.0559689995272542
66612.2265625,66373.32,0.3599436678773835
66373.328125,66149.83,0.3378665145473514
66140.0390625,66134.07,0.009025699612912
66134.0703125,66148.95,-0.0224942157056114
66148.9609375,66049.28,0.150919037270355
66049.28125,66126.83,-0.1172727469319211
66126.6015625,66114.34,0.0185459954678568
66114.34375,66116.89,-0.0038511339538193
66116.8203125,66089.7,0.0410356114492922
66089.7109375,66176.32,-0.1308762144827741
66184.3125,66108.64,0.1144668836025073
66086.6875,66137.55,-0.0769041187646093
66137.5546875,66243.67,-0.1601893622439672
66243.515625,66105.01,0.209523642761729
66105.0390625,66027.95,0.1167521670747053
66027.953125,66088.99,-0.0923555875191998
66088.921875,66149.59,-0.0917135314066141
66149.65625,65868.0,0.4276071081557054
65868.0,65758.43,0.1666250243505007
65758.453125,65585.0,0.2644707250133414
65585.03125,65353.0,0.3550429972610285
65353.0546875,64988.0,0.5617262994706715
64975.1484375,64920.03,0.0849020518012717
64915.96484375,64946.43,-0.0469081306701542
64946.3203125,65138.73,-0.2953844625156234
65138.1796875,65087.77,0.0774487856935384
65087.76953125,65110.72,-0.0352483719270823
65112.8203125,65171.07,-0.0893796703046301
65171.0703125,65084.59,0.1328737148071509
65084.58984375,64942.33,0.2190556509906531
64942.328125,64874.37,0.1047534257365387
64874.37109375,64953.06,-0.1211473427887734
64956.10546875,64947.3,0.0135578673016385
64945.44140625,64974.0,-0.0439538796287745
64974.0,64684.52,0.4475259304699226
64684.51953125,64560.54,0.1920360815600351
64560.09375,64759.52,-0.3079489316783028
64759.26953125,64763.42,-0.0064086620965944
64763.203125,64864.0,-0.1553972542550567
64867.109375,64875.48,-0.0129026020308492
64880.72265625,64794.61,0.1329009561906452
64794.609375,64710.16,0.1305040429509006
64161.0078125,64196.29,-0.0549598543778789
64196.28125,64056.5,0.2182155597012013
64056.51171875,64097.22,-0.0635102134694783
64097.21875,64195.7,-0.1534078606510982
64195.69921875,64250.01,-0.0845303856762077
64250.01171875,64258.72,-0.0135519058736326
64258.640625,64223.36,0.0549342560090275
64223.359375,64200.0,0.0363853193146417
64200.01953125,64240.22,-0.0625783485019216
64240.21875,64288.96,-0.0758158943619544
64323.5625,64321.49,0.0032220957568023
64321.31640625,64281.27,0.0622987166401709
64281.26953125,64296.62,-0.0238744567754924
64296.62109375,64295.39,0.0019147465315951
64295.4453125,64306.04,-0.0164754158396332
64161.265625,64110.3,0.0794967813284247
64110.30078125,64162.14,-0.0807940925131228
64162.1328125,64152.01,0.0157794159528251
64152.01171875,64243.09,-0.1417713270796851
64241.75390625,64287.49,-0.0711430695925412
64287.375,64213.53,0.1149991286883016
64213.36328125,64310.76,-0.151447003192004
64310.76171875,64335.26,-0.0380790895226071
64335.23828125,64345.16,-0.0154195261151009
64348.60546875,64360.29,-0.0181548766327822
64360.2890625,64412.2,-0.0805917784208536
64420.43359375,64486.47,-0.1024035061153156
64489.7109375,64538.01,-0.074838165137106
64538.01171875,64534.2,0.0059065096491517
64534.19921875,64478.6,0.0862289484418108
64478.6015625,64476.0,0.0040349316024567
64476.0,64459.01,0.0263578357781138
64459.015625,64430.8,0.0437921382320211
64430.80078125,64307.66,0.1914869569970303
64303.3828125,64305.93,-0.0039610460497193
64311.64453125,64421.95,-0.1712234242366105
64422.3046875,64446.79,-0.0379930676143852
64447.1953125,64446.79,0.0006289102994875
64446.796875,64155.93,0.4533748867797563
64159.0546875,64342.59,-0.2852470074642573
64342.59375,64347.54,-0.0076867740398481
64347.5390625,64276.81,0.1100382276282882
64276.83203125,64306.84,-0.0466637277620802
64306.83984375,64363.09,-0.0873950524283351
64379.24609375,64399.91,-0.0320868557890896
64400.0078125,64541.1,-0.2186082782908852
64552.7421875,64461.87,0.1409704488870667
64462.0859375,64297.16,0.2565057889026459
64297.13671875,64321.65,-0.0381104670822366
64325.5390625,64282.22,0.0673888712928689
64282.22265625,64276.35,0.0091365739498298
64276.3515625,64277.79,-0.0022378452961759
64277.65625,64409.63,-0.2048975440473689
64409.29296875,64368.82,0.0628766672280155
64364.58203125,64434.01,-0.1077505012492657
64435.953125,64407.94,0.0434932789342395
64407.94140625,64382.54,0.0394538740627491
64382.5390625,64338.0,0.0692266817432932
64333.2578125,64396.0,-0.0974318086527113
64396.0,64341.75,0.0843153939704779
64341.75,64337.64,0.0063881733927458
64334.00390625,64360.6,-0.0413235640283007
64360.6015625,64412.38,-0.0803858474100745
64412.5078125,64457.82,-0.0702974247345003
64459.88671875,64439.95,0.030938445405378
64439.01171875,64468.01,-0.0449808847054562
64468.01171875,64430.6,0.0580651410199524
64423.51953125,64464.02,-0.0628264708747558
64464.203125,64445.05,0.02972008711297
64444.97265625,64458.98,-0.0217306320236578
64458.98046875,64458.73,0.0003885722694145
64458.37890625,64445.99,0.0192237038332439
64445.19921875,64398.76,0.0721119766125899
64398.76171875,64381.5,0.0268116131963374
64378.0078125,64479.19,-0.1569222372365445
64479.19140625,64511.33,-0.0498185260635639
64511.28125,64506.31,0.0077066104075745
64506.30859375,64478.94,0.0424457873376914
64478.94140625,64416.4,0.0970892602660169
64415.79296875,64455.87,-0.0621774731300696
64455.87109375,64423.57,0.0501386274464459
64423.58203125,64349.87,0.1145488425229101
64348.50390625,64278.45,0.1089850583671555
64278.44921875,63935.74,0.5360213532368626
63935.73828125,64152.52,-0.3379161391477635
64152.51953125,64098.81,0.0837917759315692
64098.80859375,64124.19,-0.0395816403294955
64124.140625,64175.42,-0.0799050088024328
64175.2421875,64188.4,-0.0204987388687075
64188.26171875,64197.26,-0.0140166126249033
64197.26171875,64217.58,-0.0316397491932921
64217.4609375,64209.47,0.0124451073961501
64209.47265625,64104.01,0.1645180328812471
64102.60546875,64193.85,-0.1421390542084616
64193.73046875,64196.0,-0.0035353156738737
64196.0078125,64152.52,0.0677881593739469
64152.51953125,64202.43,-0.0777392206961641
64202.4296875,64200.0,0.0037845599688473
64200.0,64242.01,-0.0653933461920043
64242.01171875,64171.33,0.1101453230749592
64164.078125,64302.14,-0.2147080563726174
64302.0546875,64296.71,0.0083125365201436
64296.7265625,64369.71,-0.1133816472064253
64387.38671875,64367.7,0.0305847789341593
64360.14453125,64345.61,0.0225882251329957
64345.7421875,64336.32,0.0146452074038432
64336.37890625,64307.03,0.0456387213808523
64307.0703125,64264.01,0.067005330822023
64264.01171875,64089.8,0.2718244069259025
64089.86328125,64078.01,0.0184982043761938
64077.99609375,64126.0,-0.0748587253999937
64126.046875,64134.01,-0.0124163840683001
64134.01171875,64065.16,0.1074713912366667
64065.16796875,64010.01,0.0861708485125966
64010.01171875,63912.17,0.1530877745975481
63904.03515625,63816.99,0.1363980912449835
63816.61328125,63711.21,0.1654391452461833
63711.2109375,63954.05,-0.3797086541040058
63953.8515625,63934.02,0.0310187948450655
63934.33984375,64034.41,-0.1562755965894016
64033.3046875,64071.61,-0.059785156795655
64071.30859375,64284.54,-0.3316993576527122
64284.44921875,64401.0,-0.1809766637940404
64401.0,64349.3,0.0803427543112311
64345.9609375,64555.92,-0.3252359543477937
64555.921875,64738.05,-0.2813308788262898
64738.0234375,64624.57,0.1755577445234843
64624.8828125,64685.18,-0.0932163866592012
64685.16015625,64645.2,0.0618145759468652
64642.06640625,64048.0,0.9275331099331752
64051.90234375,64014.3,0.058740537270574
64014.30078125,63997.54,0.0261897273707694
63997.54296875,63842.8,0.2423812375866927
63842.796875,63824.0,0.0294511077337678
63817.19921875,63799.98,0.0269893795421202
63799.98046875,63978.0,-0.2782511664165807
63977.765625,63907.0,0.1107321967859545
63907.12890625,63584.99,0.5066272814543212
63584.98828125,63657.26,-0.1135325629001342
63657.62109375,63516.06,0.2228744883577513
63516.05859375,63455.14,0.0960026149969893
63455.14453125,63493.69,-0.0607075581053839
63499.40625,63439.96,0.0937047406713385
63439.9609375,63447.43,-0.0117720489230222
63446.62109375,63413.82,0.0517254657580954
63408.4140625,63492.62,-0.1326231891202514
63492.62109375,63493.54,-0.0014472436880994
63493.5390625,63550.82,-0.0901340651466019
63550.91796875,63511.58,0.0619382618886166
63509.14453125,63568.27,-0.0930109766240245
63568.26953125,63607.91,-0.0623200302446715
63607.87109375,63737.77,-0.2038020882280582
63737.7734375,63716.46,0.033450442005097
63716.4765625,63738.59,-0.0346939546356398
63738.58984375,63707.44,0.0488951427808081
63706.50390625,63720.24,-0.0215568769828832
63724.03515625,63625.48,0.1548988805271045
63625.48046875,63621.64,0.0060364189763114
63621.640625,63661.02,-0.0618579077118098
63660.5625,63697.07,-0.0573142532301716
63701.9609375,63664.47,0.0588883210682486
63657.03515625,63665.55,-0.0133743347069222
63667.37109375,63775.67,-0.1698122595183998
63775.59765625,63756.74,0.0295775101581449
63755.19921875,63807.15,-0.0814184323386978
63810.46875,63961.2,-0.2356604472711536
63961.19921875,63939.54,0.0338745301420672
63939.7109375,63820.0,0.1875758970542149
63818.78515625,64063.59,-0.3821278884776774
64063.58984375,64003.11,0.0944951639849992
64003.109375,64031.77,-0.0447600074150641
64038.34765625,64008.4,0.0467870720874112
64008.43359375,64018.45,-0.0156461242813549
64017.828125,64014.25,0.0055895757585225
64020.30859375,64009.87,0.0163077877677261
64009.87109375,63994.28,0.0243632614508689
63994.296875,63989.52,0.0074650895959263
63989.51953125,64081.8,-0.1440041770830452
64081.8203125,64040.71,0.06419402986007
64040.7109375,64024.9,0.0246949819523318
64024.8984375,64012.19,0.0198531521886654
64012.19140625,64029.99,-0.0277972771040538
64029.984375,64056.68,-0.0416750056356344
64056.703125,64007.78,0.0764330914148267
64007.5078125,64021.65,-0.022089695438967
64021.6484375,63961.32,0.094320188357589
63961.3203125,63876.63,0.1325841900238046
63871.4140625,63927.01,-0.086967836443472
63926.8828125,63911.6,0.0239124235663032
63911.23046875,63850.49,0.0951292131822356
63850.48828125,63881.35,-0.0483109996109953
63880.90625,63840.81,0.0628066122594658
63839.6015625,63873.08,-0.0524140021116904
63872.921875,63885.54,-0.0197511439990972
63885.55078125,63900.97,-0.0241298664949861
63900.96875,63891.73,0.0144600091435883
63891.73046875,63974.14,-0.1288169426740233
63978.01953125,63873.43,0.1637449738490632
62114.28515625,62138.0,-0.0381648005246387
62140.65625,62022.73,0.1901339234825632
62022.2734375,61909.3,0.1824821755374347
61910.23828125,62077.22,-0.268990329705488
62077.21875,62189.41,-0.180402499396607
62189.3671875,62277.51,-0.1415323324583819
62277.5078125,62250.35,0.0436267627410953
62250.3515625,62212.75,0.0604402835431643
62212.80078125,62284.0,-0.1143138185569327
62283.98828125,62277.06,0.011124933081302
62277.1171875,62364.17,-0.1395878635120106
62364.1640625,62384.3,-0.0322772516482559
62384.30078125,62433.99,-0.0795868064014456
62434.0,62438.95,-0.0079277438201588
62438.9375,62367.49,0.1145588831617274
62366.71875,62310.84,0.0896774140743464
62310.85546875,62346.09,-0.0565144201504801
62347.1484375,62237.61,0.1760003918852273
62236.25390625,62292.19,-0.0897963191693891
62292.19140625,62327.14,-0.0560728340013666
62327.140625,62335.55,-0.0134904961935892
62335.55078125,62363.06,-0.044111399841505
62363.05859375,62394.25,-0.0499908344919603
62394.25,62398.5,-0.0068110611633292
62398.5,62326.92,0.1148460408439912
62326.921875,62317.63,0.0149105076685403
62317.62890625,62305.87,0.018872870646052
62305.83203125,62380.35,-0.1194574393218354
62386.3984375,62307.32,0.1269167691693372
62305.6484375,62304.31,0.0021482261821089
62339.109375,62338.19,0.0014748182454409
62338.1328125,62301.44,0.0588956089939456
62300.3828125,62323.69,-0.0373969954282269
62323.62890625,62312.9,0.0172177931856783
62312.90625,62363.96,-0.0818641888680563
62363.890625,62537.15,-0.2770503212890281
62537.14453125,62560.01,-0.0365496564818356
62560.01171875,62546.37,0.0218105683031603
62546.37109375,62568.01,-0.0345846164038172
62568.57421875,62538.53,0.0480411336019589
62538.53125,62570.75,-0.0514917113827147
62570.75,62615.47,-0.0714200500291719
62617.12890625,62563.87,0.0851272567537739
62562.171875,62545.81,0.0261598258940164
62543.390625,62530.0,0.0214147209339517
62530.0,62486.0,0.0704157731331818
62485.29296875,62462.54,0.0364265826365676
62462.54296875,62454.68,0.0125898791731855
62454.6796875,62419.99,0.0555746444368255
62419.99609375,62416.76,0.0051846551310865
62416.76171875,62361.99,0.0878286897996713
62359.60546875,62348.54,0.0177477592097571
62348.5390625,62362.8,-0.0228676991732297
62362.80078125,62381.7,-0.0302960944475657
62381.69921875,62300.93,0.1296436806802076
62297.32421875,62298.19,-0.0013897374064998
62297.94140625,62316.1,-0.029139490035478
62315.98046875,62258.33,0.0925988036460313
62256.03125,62318.8,-0.1007220132608505
62318.80078125,62238.86,0.128441911130762
62238.87109375,62234.17,0.0075538787614613
62234.0,62247.83,-0.0222176419643893
63371.8671875,63414.01,-0.0664566276442729
63414.01171875,63312.0,0.1611254086902956
63304.11328125,63464.18,-0.2522158464034362
63464.1796875,63388.88,0.11879005828783
63388.89453125,63263.77,0.197782287160571
63263.7890625,63206.44,0.0907329419280656
63206.44140625,63158.01,0.0766829199495012
63158.01171875,63178.32,-0.0321443831523214
63178.66015625,63245.78,-0.1061254106598081
63245.69921875,63236.79,0.0140886638142118
63236.7890625,63275.17,-0.0606571859072022
63275.09765625,63344.56,-0.1096579465545228
63344.5546875,63293.74,0.0802839072236875
63289.875,63296.3,-0.010150672314184
63296.30078125,63242.75,0.0846749726253207
63242.796875,63368.02,-0.1976124944411973
63368.01953125,63399.99,-0.0504266148149202
63399.98828125,63430.0,-0.0473147071574964
63430.0,63415.22,0.023306707758798
63415.22265625,63408.0,0.0113907649665657
63408.0,63455.86,-0.0754225062902001
63455.859375,63367.66,0.1391867318439666
63367.66015625,63410.0,-0.0667715561425642
63410.27734375,63400.0,0.0162103213722397
63400.0,63401.47,-0.0023185582290145
63404.96484375,63399.74,0.0082411122663942
63393.23828125,63378.74,0.0228756224090318
63378.80078125,63396.49,-0.0279025207073734
63396.48828125,63375.94,0.0324228425645405
63374.12890625,63308.81,0.1031750656030374
63308.83203125,63274.36,0.0544802527437644
63274.359375,63430.01,-0.2453895640249813
63430.22265625,63440.01,-0.0154277147024441
63440.01171875,63215.71,0.3548195832175275
63215.7109375,63264.63,-0.0773245058099563
63271.49609375,63145.09,0.2001835673209168
63145.1015625,62981.87,0.2591723022831767
62969.2734375,62897.92,0.1134432386635388
62897.9375,62891.11,0.0108560653485038
62884.16796875,62952.76,-0.1089579412403873
62957.0859375,62753.25,0.3248213239951716
62753.26171875,62783.85,-0.0487199833237345
62783.6875,62627.98,0.2486228998604087
62627.984375,62462.6,0.2647734404267537
62462.6015625,62331.8,0.2098472408946911
62331.84765625,61958.65,0.6023334211607233
61957.43359375,61954.99,0.003944143562935
61936.765625,61914.76,0.0355418078015613
61913.1953125,61965.15,-0.0838450120753382
61964.6484375,61872.74,0.1485443145074907
61872.75390625,62068.04,-0.3146322870031031
62068.85546875,61915.99,0.2468917459770926
61915.51953125,61902.76,0.0206122170481541
61902.76171875,61667.13,0.3821026189316782
61667.17578125,61808.79,-0.2291166333299857
61813.94921875,61737.93,0.123132114649778
61737.96484375,61875.55,-0.2223578719704357
61875.47265625,61778.28,0.1573249631585747
61770.2734375,61648.9,0.1968785128363986
61643.203125,61722.14,-0.1278906969200993
61722.05078125,61637.39,0.1373529626254463
61637.390625,61677.99,-0.0658247374792822
61677.84765625,61655.88,0.0356294586177386
61655.66015625,61660.74,-0.0082383762342099
61660.59765625,61696.69,-0.058499643578938
61696.69140625,61743.09,-0.0751478323323249
61744.75,61697.13,0.0771834929760956
61692.8125,61669.57,0.0376887661126878
61669.95703125,61676.71,-0.0109489769314853
61675.21484375,61701.66,-0.0428597160108877
61706.11328125,61675.7,0.0493116109748294
61675.8671875,61670.98,0.0079246146242475
61670.984375,61594.95,0.1234425468321719
61594.96484375,61592.39,0.0041804576019871
61592.390625,61629.33,-0.0599379792056829
61630.3984375,61539.26,0.1480980393654359
61539.2578125,61523.83,0.0250761574823905
61523.828125,61493.03,0.0500839282110528
61493.03125,61091.31,0.6575751117466664
61091.30859375,61275.95,-0.3013276925939085
61281.02734375,61189.47,0.149629247891833
61183.78125,61160.57,0.0379513304078106
61160.5703125,61242.59,-0.1339258961778013
61242.58984375,61169.34,0.1197492792140695
61169.37890625,61133.63,0.0584766621088959
61133.640625,61185.57,-0.0848719314047408
61196.9453125,61216.82,-0.0324660567144776
61216.57421875,61255.67,-0.0638239386655933
61255.65625,61301.44,-0.0746862553310368
61301.44921875,61217.51,0.137116355679932
61217.5390625,61197.71,0.0324016413359272
61197.234375,61266.16,-0.1125019505057987
61265.9921875,61273.29,-0.0119102671000706
61273.97265625,61225.35,0.0794158894150894
61224.6171875,61152.9,0.1172752028113115
61153.02734375,61081.54,0.1170359223916082
61074.91796875,61111.54,-0.0599265396519231
61114.9921875,61206.7,-0.1498329635481035
61212.73046875,61304.93,-0.1503949702740061
61304.5234375,61243.09,0.1003108064926239
61243.08984375,61130.25,0.1845892070619701
61130.2578125,61164.34,-0.0557223171213758
61164.296875,61130.3,0.0556137872707922
61130.296875,61151.25,-0.0342644263199852
61152.421875,61025.47,0.2080309664145131
61025.46875,60876.74,0.2443112919647176
60876.76953125,60742.79,0.2205686160447999
60742.79296875,60842.07,-0.1631716857266686
60841.98828125,60899.48,-0.0944042851433266
60899.48046875,60831.56,0.1116533403877893
60821.72265625,60840.98,-0.0316519289301441
60840.98046875,60858.64,-0.0290172952435339
60858.9765625,60929.13,-0.1151394045836488
60928.94140625,61023.11,-0.1543162807500315
61023.109375,61170.04,-0.2402003088440041
61170.40625,61339.75,-0.2760750573649224
61339.7109375,61404.06,-0.104796103873258
61407.515625,61446.35,-0.0632004586114529
61452.91015625,61310.72,0.2319172833886126
61310.80859375,61232.77,0.1274458002634916
61227.21484375,61309.14,-0.1336263340996129
61309.140625,61049.87,0.4246866127642816
61049.87109375,60932.05,0.1933647296455594
60923.7421875,60945.58,-0.0358316591621603
60945.578125,60967.58,-0.0360878273338087
60967.46875,60849.87,0.1932604786172877
60845.08984375,60921.68,-0.1257190482107524
60921.859375,60822.28,0.1637218713274168
60822.265625,60710.1,0.1847561196571928
60710.21875,60835.5,-0.2059344461704103
60836.7578125,60688.53,0.2442435374526309
60688.5546875,60878.58,-0.3121382142947515
60885.52734375,60731.37,0.2538347871124879
60730.5078125,60719.88,0.0175030196041273
60719.890625,60446.42,0.4524182325437995
64418.828125,64098.81,0.4992575135170252
64098.8125,64090.0,0.0137501950382274
64050.4296875,64060.91,-0.0163599182403176
64061.41015625,64224.86,-0.2544962242813773
64237.3828125,64277.38,-0.0622259144663291
64277.19140625,64244.48,0.0509170690618039
64244.52734375,64348.09,-0.1609413057170718
64347.8203125,64220.0,0.1990350552787293
64220.0,64274.9,-0.085414368594897
64274.8984375,64139.1,0.2117248877829615
64135.99609375,64174.0,-0.0592200988718172
64173.92578125,64132.0,0.0653741989178569
64131.19140625,64110.81,0.0317909042952387
64110.80859375,64127.99,-0.0267923667184921
64127.98828125,64223.94,-0.1494017943309026
64223.94140625,64210.84,0.0204037297285061
64210.83984375,64286.0,-0.1169152789876489
64285.85546875,64267.74,0.0281874992803575
64267.73828125,64143.99,0.1929226436490808
64144.26953125,64124.83,0.0303151388471489
64124.828125,64076.88,0.0748290569078934
64076.9296875,64020.64,0.0879242811380838
64020.640625,63787.11,0.3661094302594982
63787.109375,63543.2,0.3838481143537041
63543.2265625,63458.1,0.1341460940368549
63452.17578125,63444.17,0.0126186239807404
63444.1953125,63464.0,-0.0312061759422664
63464.0,63560.0,-0.1510383889238514
63565.25,63557.07,0.0128703226879406
63557.1484375,63521.93,0.0554429588332717
63521.9296875,63634.88,-0.177497486441394
63632.19140625,64415.0,-1.215258237599938
64380.88671875,63607.61,1.215698434118181
63606.921875,63773.43,-0.261093256235395
63773.23828125,63792.0,-0.0294107705511662
63791.92578125,63953.57,-0.2527524558050468
63961.703125,63810.06,0.2376476765575872
63810.05859375,63799.34,0.0168004774814339
63778.48828125,63851.96,-0.1150657219449475
63851.87890625,63838.21,0.0214117943626565
63838.2109375,64035.66,-0.3083423556499667
64038.078125,64006.29,0.0496640642661824
64006.38671875,64089.68,-0.1299636404020121
64091.8203125,63968.5,0.1927828736018509
63968.5078125,63891.12,0.1211245201211019
63891.05078125,63954.97,-0.0999440993405221
63968.8984375,63831.05,0.2159582797086951
63831.1015625,63648.77,0.2864651783530196
63648.76953125,63755.79,-0.1678599994604425
63755.7890625,63632.36,0.1939721589769724
63632.375,63565.77,0.1047812368197588
63565.76953125,63306.16,0.4100857345477857
63306.16015625,63133.33,0.2737542218191219
63133.23828125,63308.86,-0.2774046456530738
63308.859375,63227.38,0.128867232834893
63227.390625,63387.35,-0.2523522043436089
63387.578125,63403.98,-0.0258688413566517
63405.3984375,63351.38,0.0852679728523713
63351.390625,63508.32,-0.2471004980134881
63513.578125,63544.27,-0.0482999883388333
63544.02734375,63640.01,-0.1508212463354453
63641.484375,63565.95,0.1188283585787719
63566.015625,63547.7,0.0288218535053242
63547.69921875,63649.08,-0.1592808273898094
63648.98828125,63652.25,-0.0051242787961148
63652.1875,63571.89,0.1263097573471554
63571.7578125,63427.16,0.2279745971599492
63425.83203125,63539.39,-0.17872058379849
63539.26171875,63612.43,-0.1150219874480511
63612.16015625,63450.32,0.2550659417478119
63450.3203125,63466.6,-0.025650795063858
63469.3984375,63490.97,-0.0339757960856499
63491.2421875,63439.99,0.0807884545694317
63438.94140625,63390.05,0.0771278871841828
63390.06640625,63325.99,0.1011850051613911
63325.9375,63369.98,-0.0695005742466751
63370.33203125,63393.32,-0.0362624465006718
63452.30078125,63396.0,0.088808097119692
63393.3828125,63391.95,0.0022602436113779
63391.94921875,63331.99,0.0946744587529967
63331.421875,63313.03,0.0290491151663427
63313.03515625,63082.96,0.3647183902752833
63082.98828125,63092.18,-0.0145687131907635
63091.5234375,63085.82,0.0090407598728213
63080.07421875,63009.28,0.1123552256905667
63009.2890625,63053.74,-0.0704969086686974
63056.734375,63230.13,-0.2742294298619936
63230.078125,63204.52,0.040437179176431
63204.51953125,63150.12,0.0861431953731796
63150.17578125,63176.36,-0.0414462288583903
63176.30859375,63193.48,-0.0271727498628073
63195.56640625,63167.29,0.0447643174972349
63167.2890625,63212.06,-0.0708265756566036
63213.8984375,63026.21,0.2977942628947558
63026.21484375,63093.92,-0.1073085271132278
63093.9296875,63354.46,-0.4112264748211872
63357.62109375,63357.04,0.0009171731349809
63353.28125,63351.77,0.0023854897819006
63351.76953125,63457.94,-0.1673084073482409
63457.87890625,63297.08,0.2540384268121029
63399.38671875,63424.44,-0.039500989287414
63424.44140625,63347.72,0.1211115510550321
63340.0546875,63390.88,-0.0801776414840705
63390.73828125,63405.19,-0.0227926432363065
63407.953125,63362.28,0.0720825150231354
63362.28125,63330.16,0.0507203045120942
63327.953125,63248.18,0.1261271470578279
63248.1875,63331.17,-0.1310294756910353
63331.171875,63602.26,-0.4262240445543948
63604.3046875,63632.47,-0.0442624850174779
63632.46875,63512.14,0.1894578737230403
63512.1796875,63528.01,-0.0249186343157955
63528.01171875,63507.7,0.0319830803981295
63507.69921875,63550.47,-0.0673020691271066
63550.26171875,63595.89,-0.0717472170764485
63595.8828125,63548.89,0.0739474953850501
63548.890625,63508.88,0.0630000481822425
63508.87890625,63468.0,0.0644086882365916
63456.12109375,63601.24,-0.2281699323000589
63601.23828125,63606.0,-0.0074862729145049
63605.97265625,63659.77,-0.0845075999332023
63659.76953125,63604.01,0.0876666915340683
55910.21875,63644.0,-12.151626626233424
63649.046875,63642.9,0.0096583829460922
63629.00390625,63605.56,0.0368582656138902
63603.33203125,63566.69,0.0576434469845726
63566.82421875,63703.89,-0.2151607715792543
63703.7578125,63652.01,0.0812980022154806
63652.04296875,63780.04,-0.200685090899913
63780.0390625,63806.92,-0.0421285614475644
63806.921875,63816.1,-0.0143821465116146
63815.859375,63740.01,0.1189980594606087
63737.12109375,63679.53,0.0904389428596617
63679.70703125,63707.04,-0.0429041574526157
63704.49609375,63720.01,-0.0243469928049321
63727.73046875,63642.0,0.134707376810911
63642.0078125,63791.86,-0.2349080078555486
63791.859375,63857.04,-0.1020727315265487
63857.00390625,64000.92,-0.2248656640404517
64182.015625,64264.38,-0.1281648947675172
64264.20703125,64294.34,-0.0468672184052227
64294.0703125,64247.38,0.0726727105447764
62414.0078125,62468.69,-0.0875353517097962
62468.69140625,62506.02,-0.0597199977698096
62513.55078125,62532.0,-0.0295036441342032
62533.94140625,62581.26,-0.0756114430262382
62581.95703125,62605.99,-0.0383876506864566
62617.95703125,62626.0,-0.0128428587966659
62625.3046875,62595.84,0.0470713189566646
62595.83984375,62632.72,-0.058883210325212
62632.71875,62541.57,0.1457410647030451
62541.5703125,62447.89,0.1500135753185585
62447.953125,62200.09,0.3984931934986002
62200.09375,62149.99,0.0806174707349141
62149.98828125,62152.0,-0.003236772348436
62152.09765625,62315.26,-0.2618336884897889
62408.53125,62469.14,-0.0970219055360765
62470.578125,62507.36,-0.0588440705222562
62507.34375,62497.85,0.0151905225539781
62497.8515625,62370.02,0.2049567444422868
62370.09375,62265.38,0.1681733091486836
62265.390625,62190.93,0.1197290746415911
62190.9296875,62237.89,-0.0754529314859475
62237.765625,62257.23,-0.0312644410938347
62256.67578125,62266.99,-0.0165645051254251
62267.21875,62252.66,0.0233865508718768
62252.73828125,62305.64,-0.0849067897384561
62305.640625,62170.08,0.2180480144146481
61689.85546875,62265.37,-0.9242931203171244
62263.7578125,62191.42,0.1163147786302383
62186.8515625,62200.12,-0.0213318519321226
62199.12890625,63820.54,-2.5405787756574933
63762.9140625,62320.82,2.3139844156415146
62320.8359375,62317.0,0.0061555233724344
62310.0234375,62323.99,-0.0224096090446037
62323.75390625,62400.62,-0.1231816186281524
62400.54296875,62245.92,0.2484065923517585
62245.93359375,62167.98,0.1253918717481198
62165.4921875,62103.72,0.0994661632185621
62100.72265625,62190.34,-0.1441017105711217
62189.4453125,62192.13,-0.0043167640342875
62195.01171875,62364.36,-0.2715465712307487
62371.765625,62381.76,-0.0160213097546494
62381.703125,62341.57,0.0643761859061302
62336.9140625,62290.63,0.0743034104808421
62273.9453125,62220.81,0.0853979761754987
61894.42578125,62141.87,-0.3981924244474822
62141.55859375,62128.45,0.0210991804076923
62122.40234375,62130.9,-0.0136770210153103
62135.73046875,62138.66,-0.0047145066372585
62138.66015625,62169.99,-0.0503938375251435
62176.4296875,62220.01,-0.0700422781995728
62239.19140625,62239.9,-0.0011384879313775
62239.8984375,62310.07,-0.1126167287245861
62309.28125,62277.13,0.0516260945229856
62272.91015625,62341.03,-0.1092696796154937
62341.03125,62299.29,0.0670011648607859
62296.05859375,62330.02,-0.0544864356693561
62330.01953125,62398.01,-0.1089625594630374
62398.08203125,62388.42,0.0154868984500677
62406.2734375,62388.01,0.029273954242166
62388.01171875,62416.83,-0.0461706902609468
62416.73828125,62478.01,-0.0980692546865721
62487.80859375,62414.0,0.1182564709039638
62413.9921875,62451.47,-0.0600110974169241
62452.48828125,62284.8,0.2692282567335804
62279.3125,62256.0,0.037446189925469
62247.37890625,62291.99,-0.0716160998388363
62291.98828125,62232.01,0.0963785056114979
62232.0078125,62194.89,0.0596798426687475
62194.890625,62158.0,0.0593497618971009
62158.0,62225.63,-0.1086851189774975
62225.62890625,62286.14,-0.0971501745813746
62286.140625,62308.01,-0.0350988179529438
62308.01171875,62273.99,0.0546323091711355
62271.0625,62400.0,-0.2066306089743589
62402.375,62424.07,-0.0347542222094773
62424.0703125,62118.2,0.4924004760279643
62121.82421875,62388.02,-0.426677719937252
62402.2421875,62318.81,0.1338796223804696
62249.6171875,62329.39,-0.1279858707104295
62330.53515625,62345.99,-0.0247888336523294
62345.98828125,62375.37,-0.0471046805012982
62374.3984375,62237.87,0.2193655366097801
62237.9921875,62193.77,0.0711038862895804
62163.00390625,62073.3,0.14451286825414
62073.30078125,62163.75,-0.1455015483300155
62171.6640625,62124.06,0.0766274169782244
62105.05078125,62144.39,-0.0633029284702921
62211.2265625,61937.05,0.4426697146538252
61927.84765625,61924.68,0.0051153372936278
61924.6796875,62077.92,-0.246851557687497
62077.921875,62028.84,0.0791275074626633
62013.94140625,61989.4,0.0395896818649616
61969.84375,61930.0,0.0643367511706765
61909.35546875,61873.57,0.0578364376744388
61873.5703125,61841.43,0.0519721366404362
61841.48046875,61891.67,-0.0810925464606113
61891.53515625,61998.15,-0.1719645566037074
61997.7578125,61312.69,1.1173344580053457
61333.66796875,62272.24,-1.5072077562168922
62272.23828125,62348.67,-0.1225875688286506
62348.63671875,62218.01,0.2099500108569817
62210.19140625,62332.15,-0.1956592123807721
62331.78125,62379.11,-0.075872756119798
62386.3828125,62478.34,-0.1471825075698178
62478.33984375,62577.81,-0.1589543581822337
62585.69140625,62610.01,-0.0388413829513875
62610.01171875,62608.71,0.0020791336381166
62608.75390625,62793.5,-0.2942121298382794
62793.38671875,62652.7,0.2245501291245276
62652.69921875,62646.0,0.0106937693547872
62600.57421875,62595.83,0.0075791290729721
62595.828125,62564.0,0.0508729061441084
62564.0,62108.8,0.7329074140862439
62108.80078125,61988.23,0.1945059267702865
61988.0,61970.0,0.029046312731967
61970.0,62072.08,-0.1644539702874492
62072.078125,62028.05,0.0709809916642504
62028.08203125,62215.97,-0.3019931518386696
62215.92578125,62318.51,-0.1646127591144301
62318.30859375,62464.3,-0.2337197507216168
62878.83984375,62273.07,0.9727637384024912
62273.0859375,62219.38,0.0863170566791289
62219.37890625,62144.8,0.1200082810629322
62137.421875,62100.0,0.0602606682769726
62089.0234375,62044.67,0.0714862976948733
62042.27734375,62207.25,-0.2651984394905738
